date,tvl,price
2020-10-07,1173893268.0,41.49
2020-10-08,1082928572.0,42.71
2020-10-09,1069286057.0,44.0
2020-10-10,1101950442.0,50.57
2020-10-11,1061227409.0,49.37
2020-10-12,1044283850.0,53.57
2020-10-13,1039337579.0,50.0
2020-10-14,1063776606.0,52.54
2020-10-15,1033137246.0,43.92
2020-10-16,1013360492.0,39.3
2020-10-17,1003536970.0,41.57
2020-10-18,979587065.0,40.91
2020-10-19,989796758.0,36.29
2020-10-20,968794272.0,32.03
2020-10-21,899280626.0,35.05
2020-10-22,932239515.0,37.73
2020-10-23,1022962269.0,41.91
2020-10-24,1128877665.0,39.19
2020-10-25,1138364481.0,37.94
2020-10-26,1119064416.0,36.0
2020-10-27,1004721877.0,34.83
2020-10-28,986776251.0,32.46
2020-10-29,1002413791.0,29.27
2020-10-30,959599065.0,31.24
2020-10-31,963701873.0,29.51
2020-11-01,987058133.0,30.52
2020-11-02,977491481.0,29.7
2020-11-03,978924578.0,28.1
2020-11-04,963913158.0,27.64
2020-11-05,944673839.0,30.84
2020-11-06,912300161.0,38.71
2020-11-07,1035343052.0,44.41
2020-11-08,1122926208.0,53.72
2020-11-09,1105354864.0,55.32
2020-11-10,1175271700.0,66.91
2020-11-11,1190225583.0,54.77
2020-11-12,1208109860.0,51.17
2020-11-13,1192418454.0,63.42
2020-11-14,1219847058.0,66.91
2020-11-15,1189636578.0,64.0
2020-11-16,1218192930.0,72.6
2020-11-17,1232411139.0,79.35
2020-11-18,1316328015.0,76.0
2020-11-19,1343681805.0,75.93
2020-11-20,1353978471.0,74.9
2020-11-21,1442246916.0,70.07
2020-11-22,1413758150.0,68.98
2020-11-23,1337781148.0,72.2
2020-11-24,1455224589.0,67.16
2020-11-25,1471123397.0,61.6
2020-11-26,1517818958.0,63.99
2020-11-27,1295546354.0,60.93
2020-11-28,1287346649.0,63.89
2020-11-29,1332612928.0,68.52
2020-11-30,1409363991.0,76.36
2020-12-01,1513693024.0,74.31
2020-12-02,1540031262.0,86.49
2020-12-03,1541543528.0,91.17
2020-12-04,1554414996.0,80.86
2020-12-05,1518248673.0,92.52
2020-12-06,1483194585.0,88.171
2020-12-07,1460106955.0,90.63
2020-12-08,1483199523.0,80.101
2020-12-09,1450566230.0,82.0
2020-12-10,1405459918.0,76.533
2020-12-11,1371100428.0,74.675
2020-12-12,1322305412.0,77.726
2020-12-13,1382534918.0,83.56
2020-12-14,1442118802.0,86.43
2020-12-15,1419845524.0,87.323
2020-12-16,1461520592.0,87.301
2020-12-17,1456800377.0,84.874
2020-12-18,1597265004.0,90.062
2020-12-19,1554315444.0,89.16
2020-12-20,1608744660.0,85.753
2020-12-21,1563588447.0,80.96
2020-12-22,1460869888.0,84.35
2020-12-23,1504612156.0,75.055
2020-12-24,1494043682.0,80.32
2020-12-25,1424455658.0,79.753
2020-12-26,1538391852.0,74.989
2020-12-27,1492484959.0,77.236
2020-12-28,1496243263.0,81.912
2020-12-29,1639873469.0,78.11
2020-12-30,1621802656.0,81.252
2020-12-31,1677660114.0,88.386
2021-01-01,1736188234.0,90.61
2021-01-02,1780883178.0,85.806
2021-01-03,1785602557.0,93.37
2021-01-04,1953151436.0,113.752
2021-01-05,2078222606.0,119.509
2021-01-06,2210745069.0,115.44
2021-01-07,2361847231.0,115.17
2021-01-08,2509907817.0,110.787
2021-01-09,2530823716.0,117.371
2021-01-10,2483747733.0,127.135
2021-01-11,2546736080.0,114.341
2021-01-12,2211238181.0,127.482
2021-01-13,2277301089.0,147.49
2021-01-14,2326260686.0,147.488
2021-01-15,2398205020.0,166.768
2021-01-16,2496778088.0,182.43
2021-01-17,2737164323.0,186.93
2021-01-18,2682725946.0,200.222
2021-01-19,2771243991.0,186.57
2021-01-20,2875159479.0,196.22
2021-01-21,2577243841.0,160.118
2021-01-22,2494799833.0,190.73
2021-01-23,2515307956.0,213.88
2021-01-24,2660922186.0,264.39
2021-01-25,2852577757.0,247.66
2021-01-26,2947020835.0,277.32
2021-01-27,2697907493.0,285.9
2021-01-28,2630323512.0,296.825
2021-01-29,2851928496.0,287.62
2021-01-30,3022498117.0,315.0
2021-01-31,2862768388.0,300.085
2021-02-01,2965760613.0,295.145
2021-02-02,2845347094.0,303.04
2021-02-03,2853025084.0,384.525
2021-02-04,3203041618.0,467.2575
2021-02-05,3528477088.0,504.92
2021-02-06,3909942513.0,473.81
2021-02-07,3712317468.0,472.705
2021-02-08,3649874801.0,489.0975
2021-02-09,3976404167.0,488.785
2021-02-10,4007760739.0,523.36
2021-02-11,4298149263.0,517.33
2021-02-12,4021527707.0,528.585
2021-02-13,4027442154.0,494.625
2021-02-14,3988657206.0,468.385
2021-02-15,4156647754.0,455.34
2021-02-16,4125263876.0,432.74
2021-02-17,4121145946.0,451.02
2021-02-18,4089477108.0,440.83
2021-02-19,4242094053.0,419.53
2021-02-20,4243124983.0,441.52
2021-02-21,4618348979.0,437.13
2021-02-22,4436318832.0,400.44
2021-02-23,4137272401.0,364.4
2021-02-24,3464990124.0,367.51
2021-02-25,3877856689.0,339.35
2021-02-26,3751233345.0,323.31
2021-02-27,3433845280.0,332.73
2021-02-28,3484998493.0,353.95
2021-03-01,3362881551.0,385.44
2021-03-02,3695726055.0,390.62
2021-03-03,3880580377.0,396.26
2021-03-04,4117530960.0,374.14
2021-03-05,3948744125.0,367.01
2021-03-06,3703489980.0,388.1
2021-03-07,3766394628.0,414.95
2021-03-08,3961957086.0,436.83
2021-03-09,3951698963.0,444.24
2021-03-10,4076533795.0,405.87
2021-03-11,4106565364.0,405.02
2021-03-12,4100260485.0,374.38
2021-03-13,4153708514.0,413.9
2021-03-14,4321860298.0,379.86
2021-03-15,4327637232.0,367.48
2021-03-16,4103078944.0,370.36
2021-03-17,4138737456.0,382.37
2021-03-18,4056500888.0,363.18
2021-03-19,4241512002.0,369.0
2021-03-20,4313276376.0,370.28
2021-03-21,4430637567.0,367.51
2021-03-22,4182188477.0,336.28
2021-03-23,4226739493.0,330.42
2021-03-24,4006650412.0,308.21
2021-03-25,4196862639.0,325.51
2021-03-26,3879491976.0,358.09
2021-03-27,4111389531.0,351.28
2021-03-28,4133706056.0,347.61
2021-03-29,4317927902.0,360.55
2021-03-30,4518439410.0,377.42
2021-03-31,4663603983.0,382.67
2021-04-01,4547898957.0,382.41
2021-04-02,4774333097.0,420.34
2021-04-03,4935565240.0,379.68
2021-04-04,4967929670.0,403.42
2021-04-05,4821454410.0,398.06
2021-04-06,4827825988.0,383.33
2021-04-07,4949548271.0,348.82
2021-04-08,4519705831.0,371.07
2021-04-09,4538960271.0,358.95
2021-04-10,4717451175.0,367.36
2021-04-11,4727356856.0,371.86
2021-04-12,4628524484.0,397.68
2021-04-13,4689734669.0,399.17
2021-04-14,4816806914.0,428.22
2021-04-15,5218705508.0,465.77
2021-04-16,5492370753.0,441.01
2021-04-17,5513296735.0,425.59
2021-04-18,5575860369.0,381.6
2021-04-19,4790445903.0,344.2
2021-04-20,5206519768.0,360.49
2021-04-21,5075665927.0,350.39
2021-04-22,5214888444.0,359.9
2021-04-23,5697613414.0,343.36
2021-04-24,4995596427.0,317.75
2021-04-25,4808804404.0,348.55
2021-04-26,5065727092.0,405.44
2021-04-27,6273546596.0,440.48
2021-04-28,7111641488.0,460.59
2021-04-29,7834726417.0,438.9
2021-04-30,8182559675.0,444.49
2021-05-01,8572635709.0,504.58
2021-05-02,8972705036.0,482.66
2021-05-03,9293411462.0,518.21
2021-05-04,10360893251.0,447.88
2021-05-05,10829812017.0,480.67
2021-05-06,9968541693.0,452.96
2021-05-07,11062167688.0,445.32
2021-05-08,10760024963.0,466.8
2021-05-09,10548445685.0,459.09
2021-05-10,10970606164.0,433.08
2021-05-11,11507609054.0,457.22
2021-05-12,11047318171.0,512.68
2021-05-13,12011259965.0,508.54
2021-05-14,11180238830.0,594.95
2021-05-15,11929810861.0,517.62
2021-05-16,11892144817.0,527.59
2021-05-17,12119071809.0,572.05
2021-05-18,11664502490.0,629.02
2021-05-19,12248713353.0,410.83
2021-05-20,10479514443.0,466.96
2021-05-21,10695923786.0,372.99
2021-05-22,10663735608.0,334.61
2021-05-23,9527699520.0,292.89
2021-05-24,7911926910.0,387.47
2021-05-25,9273891116.0,370.48
2021-05-26,9321677305.0,414.44
2021-05-27,10861302453.0,371.79
2021-05-28,11382448934.0,319.91
2021-05-29,10092659099.0,297.73
2021-05-30,10617279037.0,324.49
2021-05-31,11197109826.0,382.01
2021-06-01,11782508382.0,372.89
2021-06-02,12055393574.0,384.14
2021-06-03,12383789728.0,398.54
2021-06-04,12559954549.0,372.96
2021-06-05,11679451747.0,356.65
2021-06-06,11903745800.0,365.29
2021-06-07,12063475662.0,334.9
2021-06-08,12272185727.0,329.5
2021-06-09,11376439466.0,338.94
2021-06-10,11804812547.0,310.28
2021-06-11,11882146142.0,285.27
2021-06-12,11429810802.0,278.45
2021-06-13,11073633661.0,316.37
2021-06-14,11148891506.0,318.16
2021-06-15,11618640208.0,311.91
2021-06-16,11893001321.0,290.71
2021-06-17,11024184547.0,293.31
2021-06-18,10786882359.0,265.1
2021-06-19,10519600875.0,254.75
2021-06-20,10236522374.0,272.8
2021-06-21,9738547849.0,212.27
2021-06-22,9353724504.0,206.01
2021-06-23,8945701257.0,207.56
2021-06-24,9252195824.0,211.26
2021-06-25,9237283149.0,186.7
2021-06-26,8947453257.0,187.3
2021-06-27,8774633673.0,202.74
2021-06-28,8921660124.0,227.05
2021-06-29,9192688743.0,238.02
2021-06-30,9738799902.0,250.71
2021-07-01,9482380790.0,230.34
2021-07-02,9371205653.0,234.23
2021-07-03,9090125198.0,259.25
2021-07-04,9595220628.0,276.86
2021-07-05,9833983817.0,307.92
2021-07-06,9408265216.0,316.55
2021-07-07,9770863174.0,315.17
2021-07-08,9932058113.0,290.81
2021-07-09,9290572496.0,303.14
2021-07-10,9159512383.0,294.84
2021-07-11,9409581190.0,304.93
2021-07-12,9494893410.0,296.95
2021-07-13,9298982719.0,271.12
2021-07-14,8875647758.0,279.53
2021-07-15,9176808768.0,272.31
2021-07-16,9087311812.0,253.17
2021-07-17,9758720539.0,253.03
2021-07-18,9856989814.0,254.13
2021-07-19,9862609205.0,238.46
2021-07-20,9584916304.0,223.04
2021-07-21,9430573553.0,259.43
2021-07-22,10162926137.0,278.71
2021-07-23,10242335048.0,289.91
2021-07-24,10490974965.0,287.69
2021-07-25,10592395081.0,288.04
2021-07-26,10692719502.0,302.57
2021-07-27,10932469571.0,300.07
2021-07-28,11162376217.0,298.02
2021-07-29,11116172183.0,311.96
2021-07-30,11333653597.0,320.43
2021-07-31,11667373013.0,331.12
2021-08-01,11956713357.0,316.36
2021-08-02,11728856998.0,320.46
2021-08-03,11720124382.0,308.58
2021-08-04,11845211624.0,339.05
2021-08-05,12423959018.0,372.94
2021-08-06,12782548302.0,369.71
2021-08-07,12792127967.0,385.13
2021-08-08,13375539622.0,360.91
2021-08-09,12958152994.0,374.04
2021-08-10,13463015201.0,384.0
2021-08-11,13307164325.0,403.23
2021-08-12,13400222701.0,392.38
2021-08-13,13012294743.0,427.52
2021-08-14,13588360313.0,414.54
2021-08-15,13737015231.0,410.23
2021-08-16,13720659817.0,412.5
2021-08-17,13277856088.0,381.5
2021-08-18,12690405574.0,380.13
2021-08-19,12718873979.0,405.22
2021-08-20,13614196781.0,409.27
2021-08-21,14305421984.0,400.12
2021-08-22,14018082126.0,400.88
2021-08-23,13900980745.0,408.37
2021-08-24,14314237717.0,378.11
2021-08-25,13517811099.0,384.26
2021-08-26,13764029103.0,350.75
2021-08-27,13329090113.0,373.01
2021-08-28,13841562356.0,367.2
2021-08-29,13631996989.0,363.92
2021-08-30,13596008961.0,357.9
2021-08-31,13817106648.0,357.9
2021-09-01,14286048509.0,413.19
2021-09-02,15342180726.0,399.62
2021-09-03,15395818620.0,394.88
2021-09-04,15920688037.0,397.63
2021-09-05,15889850170.0,416.68
2021-09-06,16253810258.0,408.58
2021-09-07,16314484599.0,346.42
2021-09-08,14060387797.0,330.5
2021-09-09,14177575814.0,330.65
2021-09-10,14119323935.0,312.32
2021-09-11,13500145500.0,328.6801
2021-09-12,13673566513.0,333.43
2021-09-13,14056500364.0,330.989
2021-09-14,13599445470.0,384.53
2021-09-15,14238495908.0,414.71
2021-09-16,14766020179.0,383.9
2021-09-17,14451448017.0,353.73
2021-09-18,14061702018.0,355.2
2021-09-19,14147424170.0,340.0
2021-09-20,13731642034.0,291.861
2021-09-21,12216230570.0,271.76
2021-09-22,11915575402.0,301.7
2021-09-23,12857960610.0,308.961
2021-09-24,13235375967.0,280.71
2021-09-25,12651855734.0,274.348
2021-09-26,12698024998.0,293.3
2021-09-27,13000079788.0,273.4
2021-09-28,12397332241.0,260.9
2021-09-29,12049659239.0,265.2
2021-09-30,12284164241.0,276.5
2021-10-01,12729392559.0,302.4
2021-10-02,13703092241.0,314.1
2021-10-03,14165501666.0,310.5
2021-10-04,14317962877.0,301.1
2021-10-05,14781056242.0,307.6
2021-10-06,15618261085.0,311.705
2021-10-07,15910404795.0,305.695
2021-10-08,15053168695.0,307.511
2021-10-09,14919306595.0,307.01
2021-10-10,14917646598.0,287.841
2021-10-11,14670869816.0,290.6
2021-10-12,15020474418.0,283.92
2021-10-13,14848105630.0,297.351
2021-10-14,15320329571.0,303.381
2021-10-15,15966815092.0,301.5
2021-10-16,16811744093.0,304.8
2021-10-17,16796477316.0,304.4
2021-10-18,16848915691.0,294.02
2021-10-19,16557167233.0,303.451
2021-10-20,17104998623.0,316.491
2021-10-21,18970929597.0,314.511
2021-10-22,18695449573.0,309.96
2021-10-23,18251284839.0,324.091
2021-10-24,19104588271.0,307.521
2021-10-25,18938803268.0,313.289
2021-10-26,19442451180.0,329.219
2021-10-27,19134021951.0,324.699
2021-10-28,18471085068.0,339.1
2021-10-29,19282587246.0,328.18
2021-10-30,15166238932.0,319.111
2021-10-31,13506029922.0,313.941
2021-11-01,13504038458.0,324.279
2021-11-02,13738200516.0,324.7
2021-11-03,15257664507.0,325.05
2021-11-04,15422641625.0,332.8
2021-11-05,15501276625.0,326.5
2021-11-06,15495705850.0,318.1
2021-11-07,15633769388.0,319.8
2021-11-08,16029383790.0,332.03
2021-11-09,16662453038.0,336.5
2021-11-10,16460810177.0,312.62
2021-11-11,16162934546.0,312.0
2021-11-12,16417887432.0,308.14
2021-11-13,16323819927.0,312.52
2021-11-14,16448644205.0,315.01
2021-11-15,16434667264.0,301.5
2021-11-16,16227707874.0,278.34
2021-11-17,15418303530.0,284.51
2021-11-18,15683434499.0,262.64
2021-11-19,14708965517.0,279.0
2021-11-20,15617645505.0,273.97
2021-11-21,16242753135.0,266.54
2021-11-22,16101030171.0,263.6
2021-11-23,15495515224.0,269.7
2021-11-24,16022732678.0,254.4
2021-11-25,15657508044.0,262.7
2021-11-26,16125713720.0,232.85
2021-11-27,14315328841.0,233.12
2021-11-28,14433522235.0,238.9
2021-11-29,14999862380.0,249.7
2021-11-30,15409729196.0,256.6
2021-12-01,15754109745.0,250.77
2021-12-02,15685525256.0,244.8
2021-12-03,15387654435.0,225.9
2021-12-04,14609759785.0,202.71
2021-12-05,13925985292.0,191.42
2021-12-06,14011839852.0,184.57
2021-12-07,14520018016.0,186.91
2021-12-08,14531413734.0,203.3
2021-12-09,14861838339.0,176.56
2021-12-10,14100384954.0,166.62
2021-12-11,13416890256.0,180.77
2021-12-12,13929196966.0,179.93
2021-12-13,14293166371.0,162.26
2021-12-14,13210333077.0,169.5
2021-12-15,13395632358.0,172.9
2021-12-16,13878939672.0,173.9
2021-12-17,13834589553.0,187.26
2021-12-18,13880477382.0,193.14
2021-12-19,14224094350.0,183.4
2021-12-20,14103768119.0,181.18
2021-12-21,14265067910.0,186.02
2021-12-22,14534213211.0,206.4
2021-12-23,14558847156.0,246.84
2021-12-24,15249182611.0,270.0
2021-12-25,14932850332.0,263.8
2021-12-26,15138185457.0,268.12
2021-12-27,15414625853.0,277.3
2021-12-28,15281820109.0,252.51
2021-12-29,14514415137.0,235.9
2021-12-30,14035724036.0,262.8
2021-12-31,14186366770.0,253.8
2022-01-01,14209309256.0,266.65
2022-01-02,14411210283.0,265.3
2022-01-03,14571768041.0,267.06
2022-01-04,14447179576.0,252.33
2022-01-05,14345420885.0,230.24
2022-01-06,13765285182.0,220.85
2022-01-07,13519691999.0,211.7
2022-01-08,13004969962.0,212.3
2022-01-09,12746184616.0,209.41
2022-01-10,12850162875.0,200.0
2022-01-11,12661035838.0,213.1
2022-01-12,13252473017.0,218.28
2022-01-13,13593318757.0,209.33
2022-01-14,13128281333.0,223.92
2022-01-15,13192443462.0,238.64
2022-01-16,13224628612.0,242.69
2022-01-17,13239397888.0,226.58
2022-01-18,12811002023.0,232.63
2022-01-19,13211840072.0,210.02
2022-01-20,13078286197.0,198.53
2022-01-21,12687513935.0,171.09
2022-01-22,11755569882.0,147.21
2022-01-23,10837673864.0,158.78
2022-01-24,11414222149.0,152.52
2022-01-25,11068956298.0,151.84
2022-01-26,11194808295.0,146.15
2022-01-27,11447732089.0,144.66
2022-01-28,10874441071.0,148.89
2022-01-29,11509014457.0,153.99
2022-01-30,11717289749.0,149.18
2022-01-31,11814159917.0,157.66
2022-02-01,11812926680.0,164.1
2022-02-02,12099552631.0,151.38
2022-02-03,11710458860.0,152.77
2022-02-04,11701092758.0,166.56
2022-02-05,12472784639.0,166.21
2022-02-06,12812507848.0,173.25
2022-02-07,13023826452.0,181.59
2022-02-08,13504044519.0,183.99
2022-02-09,13684605987.0,188.03
2022-02-10,14051284600.0,175.26
2022-02-11,13737902407.0,163.56
2022-02-12,13399383786.0,162.36
2022-02-13,13382013815.0,158.05
2022-02-14,13289253306.0,160.95
2022-02-15,13253283945.0,172.37
2022-02-16,13756890266.0,170.34
2022-02-17,13557138693.0,153.02
2022-02-18,12729866598.0,145.52
2022-02-19,12456804190.0,146.26
2022-02-20,12409706303.0,137.02
2022-02-21,12018942458.0,128.51
2022-02-22,11575272932.0,134.6
2022-02-23,11756057898.0,130.26
2022-02-24,11569686451.0,125.28
2022-02-25,11679579823.0,139.44
2022-02-26,12007452604.0,136.22
2022-02-27,11996291767.0,131.5
2022-02-28,11515781799.0,145.71
2022-03-01,12328112782.0,143.23
2022-03-02,12539624709.0,137.66
2022-03-03,12346921528.0,129.93
2022-03-04,12088462004.0,124.24
2022-03-05,11514411512.0,124.57
2022-03-06,11657609421.0,116.73
2022-03-07,11421083432.0,116.92
2022-03-08,11494165502.0,121.72
2022-03-09,11534877403.0,127.18
2022-03-10,12069177474.0,119.19
2022-03-11,11655115000.0,116.64
2022-03-12,11299912510.0,120.31
2022-03-13,11360415817.0,115.52
2022-03-14,11126309403.0,118.45
2022-03-15,11379506785.0,121.92
2022-03-16,11540763507.0,141.48
2022-03-17,12095110843.0,155.46
2022-03-18,12283644178.0,160.04
2022-03-19,12677416117.0,157.17
2022-03-20,12938930711.0,152.68
2022-03-21,12728157523.0,153.88
2022-03-22,12769885683.0,152.85
2022-03-23,12915896339.0,156.01
2022-03-24,13009385660.0,168.04
2022-03-25,13146720696.0,162.5
2022-03-26,12901528681.0,163.31
2022-03-27,13013623379.0,169.16
2022-03-28,13503614511.0,167.65
2022-03-29,13659766884.0,222.7
2022-03-30,14049620593.0,223.34
2022-03-31,14041005209.0,207.3
2022-04-01,13716861799.0,244.62
2022-04-02,14232444052.0,238.11
2022-04-03,14145374928.0,243.01
2022-04-04,14417000493.0,237.84
2022-04-05,14348708822.0,221.1
2022-04-06,14307603042.0,191.34
2022-04-07,13480231788.0,202.44
2022-04-08,13782792685.0,183.45
2022-04-09,13443700438.0,184.64
2022-04-10,13672892398.0,176.24
2022-04-11,13570686008.0,157.63
2022-04-12,12840643658.0,164.26
2022-04-13,13130819481.0,178.18
2022-04-14,13580285692.0,171.93
2022-04-15,13210665601.0,175.97
2022-04-16,13337175278.0,172.34
2022-04-17,13433615123.0,166.87
2022-04-18,13218876257.0,169.09
2022-04-19,13491165846.0,182.93
2022-04-20,13659556990.0,186.24
2022-04-21,13872667981.0,173.69
2022-04-22,13407859172.0,177.03
2022-04-23,13272254148.0,173.38
2022-04-24,13104700457.0,166.38
2022-04-25,13241355725.0,168.74
2022-04-26,13484359601.0,158.04
2022-04-27,12775598749.0,168.48
2022-04-28,13052304967.0,166.1
2022-04-29,12963820416.0,157.25
2022-04-30,12621629163.0,142.4
2022-05-01,12322574962.0,146.21
2022-05-02,12775359184.0,144.18
2022-05-03,12913095285.0,141.06
2022-05-04,12750503976.0,159.37
2022-05-05,13258505364.0,141.37
2022-05-06,12651528321.0,138.36
2022-05-07,12640991702.0,132.29
2022-05-08,12449450178.0,125.93
2022-05-09,12020365761.0,99.46
2022-05-10,10935576950.0,105.21
2022-05-11,11005436205.0,82.64
2022-05-12,9981502466.0,77.08
2022-05-13,9108210920.0,82.36
2022-05-14,9273765557.0,86.69
2022-05-15,9532084908.0,92.11
2022-05-16,9865383003.0,83.79
2022-05-17,9257667778.0,92.66
2022-05-18,9717132292.0,81.82
2022-05-19,9110800319.0,91.7
2022-05-20,9472882040.0,89.97
2022-05-21,9072154212.0,91.52
2022-05-22,9090022730.0,94.13
2022-05-23,9686388500.0,99.2
2022-05-24,9709201211.0,107.23
2022-05-25,9811346275.0,101.63
2022-05-26,9687022266.0,101.13
2022-05-27,9296691048.0,92.41
2022-05-28,9208984290.0,95.42
2022-05-29,9494162920.0,95.46
2022-05-30,9439831427.0,117.45
2022-05-31,10033633205.0,112.83
2022-06-01,9993645943.0,106.17
2022-06-02,9445937615.0,111.05
2022-06-03,9598092879.0,106.95
2022-06-04,9559025244.0,106.8
2022-06-05,9693578007.0,103.6
2022-06-06,9727071830.0,106.1
2022-06-07,9897103006.0,99.27
2022-06-08,9865908335.0,96.43
2022-06-09,9696085234.0,95.88
2022-06-10,9587358825.0,88.09
2022-06-11,9231116709.0,77.16
2022-06-12,8887355190.0,70.41
2022-06-13,8421508629.0,59.95
2022-06-14,6424273628.0,62.14
2022-06-15,6297412817.0,66.63
2022-06-16,6277191875.0,56.63
2022-06-17,5517061651.0,57.4
2022-06-18,5610608423.0,49.64
2022-06-19,5210148182.0,54.15
2022-06-20,5617458678.0,61.58
2022-06-21,5658027715.0,66.36
2022-06-22,5761719801.0,61.91
2022-06-23,5964634073.0,68.0
2022-06-24,6250981997.0,71.05
2022-06-25,6496743566.0,69.87
2022-06-26,6595120103.0,65.4
2022-06-27,6460709698.0,65.43
2022-06-28,6396225661.0,60.07
2022-06-29,6149999144.0,59.89
2022-06-30,5926496652.0,57.09
2022-07-01,5793007825.0,56.33
2022-07-02,5872938750.0,57.83
2022-07-03,6035365487.0,57.87
2022-07-04,6119710578.0,63.05
2022-07-05,6368111848.0,60.71
2022-07-06,6366034361.0,62.95
2022-07-07,6508762852.0,71.26
2022-07-08,6702708074.0,71.79
2022-07-09,6155644871.0,81.91
2022-07-10,6136173238.0,77.48
2022-07-11,5986730531.0,69.87
2022-07-12,5775708045.0,68.44
2022-07-13,5220311921.0,79.64
2022-07-14,5399036665.0,91.23
2022-07-15,5550426741.0,90.23
2022-07-16,5597967577.0,92.91
2022-07-17,5870791998.0,88.18
2022-07-18,5803059464.0,96.2
2022-07-19,6216323169.0,95.89
2022-07-20,6204515553.0,90.82
2022-07-21,6125649431.0,95.42
2022-07-22,6235573237.0,89.39
2022-07-23,6302543871.0,89.42
2022-07-24,6314103505.0,90.67
2022-07-25,6289986530.0,81.18
2022-07-26,6029281543.0,81.33
2022-07-27,5978044898.0,94.58
2022-07-28,6380112475.0,100.47
2022-07-29,6615792159.0,95.35
2022-07-30,6577852052.0,95.14
2022-07-31,6559823927.0,97.63
2022-08-01,6539859915.0,96.54
2022-08-02,6412639919.0,93.45
2022-08-03,6324457189.0,94.94
2022-08-04,6405669656.0,96.46
2022-08-05,6574415233.0,102.83
2022-08-06,6938168690.0,98.99
2022-08-07,6865798540.0,101.3
2022-08-08,6937451873.0,102.55
2022-08-09,7141639793.0,97.89
2022-08-10,6960230700.0,111.04
2022-08-11,7388337447.0,107.48
2022-08-12,7396477207.0,114.64
2022-08-13,7609955252.0,110.58
2022-08-14,7529515026.0,107.53
2022-08-15,7458247147.0,107.03
2022-08-16,7412880830.0,109.74
2022-08-17,7490383450.0,100.14
2022-08-18,7332809611.0,94.89
2022-08-19,7147776448.0,83.39
2022-08-20,6692946881.0,82.86
2022-08-21,6728822039.0,85.97
2022-08-22,6454330820.0,88.61
2022-08-23,6452630949.0,89.37
2022-08-24,6504348843.0,88.38
2022-08-25,6565765252.0,93.33
2022-08-26,6597821123.0,82.74
2022-08-27,6230746163.0,82.0
2022-08-28,6204390543.0,78.38
2022-08-29,5999341290.0,85.73
2022-08-30,6099176761.0,84.63
2022-08-31,6103020977.0,84.84
2022-09-01,6194013670.0,86.41
2022-09-02,6259818438.0,88.56
2022-09-03,6358800444.0,87.06
2022-09-04,6339134176.0,88.83
2022-09-05,6386474228.0,91.11
2022-09-06,6514890621.0,83.5
2022-09-07,6122152791.0,87.35
2022-09-08,6353673612.0,88.22
2022-09-09,6349240552.0,91.18
2022-09-10,6585300514.0,92.68
2022-09-11,6676971651.0,91.46
2022-09-12,6639290978.0,90.69
2022-09-13,6529664139.0,82.98
2022-09-14,6203142881.0,83.61
2022-09-15,6115955163.0,78.31
2022-09-16,5822454772.0,79.38
2022-09-17,5747169643.0,81.45
2022-09-18,5773514704.0,73.07
2022-09-19,5521720940.0,76.32
2022-09-20,5543648493.0,74.05
2022-09-21,5546298536.0,71.63
2022-09-22,5366885177.0,76.69
2022-09-23,5596574182.0,77.14
2022-09-24,5595095340.0,74.97
2022-09-25,5589601919.0,73.76
2022-09-26,5557164888.0,76.26
2022-09-27,5528670834.0,76.6
2022-09-28,5565410083.0,76.83
2022-09-29,5606851492.0,76.97
2022-09-30,5579484483.0,74.63
2022-10-01,5537321574.0,74.56
2022-10-02,5507139124.0,72.68
2022-10-03,5447736815.0,75.63
2022-10-04,5470172733.0,78.85
2022-10-05,5567514089.0,78.75
2022-10-06,5586055483.0,77.49
2022-10-07,5575189352.0,75.81
2022-10-08,5507032309.0,74.68
2022-10-09,5463092885.0,75.52
2022-10-10,5479195000.0,73.59
2022-10-11,5389666599.0,71.46
2022-10-12,5383495969.0,71.52
2022-10-13,5273353109.0,71.09
2022-10-14,5103182725.0,72.93
2022-10-15,5093848377.0,71.85
2022-10-16,5190911248.0,75.87
2022-10-17,5244057769.0,78.75
2022-10-18,5196773100.0,82.46
2022-10-19,5131280306.0,82.85
2022-10-20,5036158678.0,80.7
2022-10-21,4968109053.0,82.1
2022-10-22,4912103891.0,82.03
2022-10-23,4907784927.0,88.79
2022-10-24,5039477002.0,85.18
2022-10-25,4977766915.0,81.92
2022-10-26,5246766525.0,83.43
2022-10-27,5429932628.0,81.44
2022-10-28,5351214942.0,84.1
2022-10-29,5416597007.0,85.36
2022-10-30,5602724367.0,83.89
2022-10-31,5539178622.0,83.85
2022-11-01,5423492509.0,84.26
2022-11-02,5434018872.0,80.42
2022-11-03,5319047233.0,83.72
2022-11-04,5296846649.0,94.7
2022-11-05,5522424223.0,96.32
2022-11-06,5480042775.0,86.35
2022-11-07,5322672668.0,87.35
2022-11-08,5403612610.0,72.26
2022-11-09,4720190261.0,58.24
2022-11-10,4180011295.0,68.04
2022-11-11,4714779636.0,64.1
2022-11-12,4668599090.0,58.0
2022-11-13,4619997368.0,56.66
2022-11-14,4620084511.0,58.99
2022-11-15,4422573688.0,61.08
2022-11-16,4360960733.0,58.33
2022-11-17,4308137379.0,58.66
2022-11-18,4271479316.0,58.47
2022-11-19,4240443752.0,58.62
2022-11-20,4268561640.0,56.24
2022-11-21,4086536276.0,56.05
2022-11-22,4070975060.0,57.43
2022-11-23,3771167328.0,58.37
2022-11-24,3815788253.0,58.26
2022-11-25,3637351407.0,59.1
2022-11-26,3680292069.0,61.57
2022-11-27,3686289844.0,61.42
2022-11-28,3704240744.0,60.17
2022-11-29,3642423293.0,61.53
2022-11-30,3854147931.0,65.33
2022-12-01,3858291223.0,63.61
2022-12-02,3894532224.0,65.73
2022-12-03,3921489063.0,62.84
2022-12-04,3849201415.0,64.34
2022-12-05,3932651831.0,64.25
2022-12-06,3846193168.0,63.89
2022-12-07,3829992368.0,61.31
2022-12-08,3765423000.0,62.84
2022-12-09,3833645588.0,61.47
2022-12-10,3818990493.0,61.14
2022-12-11,3820138955.0,59.72
2022-12-12,3777301583.0,60.11
2022-12-13,3809384225.0,61.99
2022-12-14,3915064652.0,62.55
2022-12-15,3888922082.0,60.92
2022-12-16,3816344667.0,54.7
2022-12-17,3636606098.0,55.62
2022-12-18,3659585660.0,55.74
2022-12-19,3670116167.0,53.83
2022-12-20,3615547505.0,55.67
2022-12-21,3708986083.0,56.05
2022-12-22,3742126904.0,55.7
2022-12-23,3756306793.0,54.59
2022-12-24,3747205977.0,54.5
2022-12-25,3758293329.0,54.5
2022-12-26,3748029243.0,55.94
2022-12-27,3760026619.0,57.44
2022-12-28,3730569611.0,53.79
2022-12-29,3694973540.0,54.6
2022-12-30,3709149477.0,52.49
2022-12-31,3702232386.0,51.93
2023-01-01,3683458671.0,52.12
2023-01-02,3696521417.0,52.99
2023-01-03,3731497535.0,53.07
2023-01-04,3726974476.0,56.78
2023-01-05,3789373822.0,55.53
2023-01-06,3792325096.0,56.52
2023-01-07,3784358810.0,56.0
2023-01-08,3895129731.0,59.21
2023-01-09,3948243341.0,61.35
2023-01-10,4020607209.0,61.85
2023-01-11,4060080441.0,64.2
2023-01-12,4213921121.0,67.84
2023-01-13,4224859982.0,71.09
2023-01-14,4549174621.0,76.02
2023-01-15,4479428031.0,79.22
2023-01-16,4545896632.0,80.58
2023-01-17,4557440820.0,85.67
2023-01-18,4517449523.0,82.04
2023-01-19,4363424305.0,81.2
2023-01-20,4431485383.0,87.61
2023-01-21,4740878531.0,84.46
2023-01-22,4673541684.0,85.39
2023-01-23,4670558269.0,86.47
2023-01-24,4682742726.0,79.73
2023-01-25,4530944516.0,85.71
2023-01-26,4641286423.0,88.99
2023-01-27,4609139512.0,87.15
2023-01-28,4612827077.0,84.27
2023-01-29,4607322923.0,87.71
2023-01-30,4713085957.0,81.09
2023-01-31,4531707152.0,83.07
2023-02-01,4579025041.0,88.44
2023-02-02,4790903060.0,88.02
2023-02-03,4693794450.0,91.16
2023-02-04,4740858810.0,88.92
2023-02-05,4711793573.0,85.61
2023-02-06,4638156015.0,84.16
2023-02-07,4631803037.0,88.79
2023-02-08,4764650894.0,86.86
2023-02-09,4665571687.0,77.79
2023-02-10,4433974702.0,78.67
2023-02-11,4342405775.0,79.48
2023-02-12,4437062415.0,77.35
2023-02-13,4394827515.0,82.53
2023-02-14,4476413199.0,83.07
2023-02-15,4571631168.0,89.53
2023-02-16,4938542442.0,84.07
2023-02-17,4836862756.0,86.46
2023-02-18,5032031466.0,91.09
2023-02-19,5027934212.0,90.24
2023-02-20,4971453369.0,91.93
2023-02-21,4985000475.0,87.72
2023-02-22,4864987670.0,85.11
2023-02-23,4825855894.0,85.57
2023-02-24,4812365694.0,81.55
2023-02-25,4712251849.0,80.01
2023-02-26,4690407550.0,82.19
2023-02-27,4819752534.0,80.29
2023-02-28,4853381540.0,77.5
2023-03-01,4741543606.0,82.95
2023-03-02,4814175847.0,79.9
2023-03-03,4808899208.0,76.93
2023-03-04,4617403536.0,75.33
2023-03-05,4749935980.0,75.15
2023-03-06,4765926099.0,76.7
2023-03-07,4729797156.0,75.32
2023-03-08,4735375078.0,71.52
2023-03-09,4698596654.0,68.81
2023-03-10,4528670075.0,68.13
2023-03-11,4411297699.0,66.86
2023-03-12,4491342933.0,72.64
2023-03-13,5212999809.0,75.8
2023-03-14,5237022055.0,79.18
2023-03-15,5209658192.0,73.83
2023-03-16,5092978070.0,74.79
2023-03-17,4988802882.0,80.43
2023-03-18,5403713172.0,77.75
2023-03-19,5529183717.0,79.23
2023-03-20,5590790671.0,75.86
2023-03-21,5620207443.0,78.92
2023-03-22,5732700642.0,75.21
2023-03-23,5575468808.0,77.21
2023-03-24,5736733452.0,72.97
2023-03-25,5615893820.0,71.36
2023-03-26,5570693554.0,72.88
2023-03-27,5592988010.0,69.77
2023-03-28,5469648383.0,70.66
2023-03-29,5506429627.0,72.81
2023-03-30,5454044781.0,71.32
2023-03-31,5476648710.0,74.18
2023-04-01,5536817826.0,74.14
2023-04-02,5530654243.0,73.05
2023-04-03,5523821960.0,73.75
2023-04-04,5535696306.0,76.39
2023-04-05,5751643970.0,78.27
2023-04-06,5712411257.0,80.48
2023-04-07,5719122769.0,78.32
2023-04-08,5676370829.0,76.32
2023-04-09,5657117803.0,76.3
2023-04-10,5691014333.0,78.49
2023-04-11,5823295458.0,79.12
2023-04-12,5785830693.0,78.92
2023-04-13,5782351029.0,81.06
2023-04-14,6081691021.0,82.56
2023-04-15,6083717493.0,82.61
2023-04-16,6143056796.0,83.48
2023-04-17,6036283855.0,80.97
2023-04-18,5869042461.0,81.94
2023-04-19,5969816530.0,73.96
2023-04-20,5557056214.0,72.34
2023-04-21,5360919281.0,69.06
2023-04-22,5148197982.0,70.83
2023-04-23,5189480800.0,70.31
2023-04-24,5206577927.0,69.85
2023-04-25,5173382051.0,71.29
2023-04-26,5278993188.0,69.39
2023-04-27,5396166885.0,71.55
2023-04-28,5396861472.0,72.06
2023-04-29,5305965022.0,71.86
2023-04-30,5341766244.0,70.19
2023-05-01,5290029483.0,68.94
2023-05-02,5174769909.0,69.08
2023-05-03,5266216524.0,71.7
2023-05-04,5392908480.0,70.81
2023-05-05,5373316616.0,73.48
2023-05-06,5627720673.0,69.58
2023-05-07,5410096059.0,68.68
2023-05-08,5319520621.0,64.59
2023-05-09,5124662009.0,64.45
2023-05-10,5188452205.0,64.67
2023-05-11,5162977299.0,62.32
2023-05-12,5075374929.0,63.23
2023-05-13,5115518197.0,62.13
2023-05-14,5082038604.0,62.26
2023-05-15,5069342703.0,62.93
2023-05-16,5161074725.0,62.8
2023-05-17,5179772193.0,64.96
2023-05-18,5172691159.0,64.95
2023-05-19,5105620842.0,65.37
2023-05-20,5163338871.0,65.18
2023-05-21,5236594339.0,63.98
2023-05-22,5175886057.0,64.29
2023-05-23,5274600186.0,65.47
2023-05-24,5354158315.0,64.04
2023-05-25,5230940459.0,63.47
2023-05-26,5209639982.0,64.57
2023-05-27,5260834772.0,65.71
2023-05-28,5318300134.0,69.07
2023-05-29,5492641434.0,67.24
2023-05-30,5419441504.0,66.73
2023-05-31,5441936136.0,63.86
2023-06-01,5352017816.0,62.71
2023-06-02,5370049515.0,63.68
2023-06-03,5483144179.0,63.53
2023-06-04,5467179209.0,62.76
2023-06-05,5447077101.0,59.87
2023-06-06,5234921779.0,61.78
2023-06-07,5468211712.0,59.12
2023-06-08,5318900183.0,59.82
2023-06-09,5357250801.0,59.84
2023-06-10,5284403184.0,52.65
2023-06-11,5111439549.0,52.15
2023-06-12,5147291541.0,53.74
2023-06-13,5107204429.0,55.01
2023-06-14,5149743803.0,52.04
2023-06-15,4922789921.0,50.14
2023-06-16,4956232518.0,50.69
2023-06-17,5103425344.0,51.12
2023-06-18,5096166563.0,50.95
2023-06-19,5135499079.0,51.81
2023-06-20,5173624725.0,53.11
2023-06-21,5380249307.0,55.03
2023-06-22,5635015184.0,55.59
2023-06-23,5530388479.0,56.99
2023-06-24,5585107877.0,57.05
2023-06-25,5548609041.0,68.83
2023-06-26,5622019435.0,63.23
2023-06-27,5588146064.0,64.98
2023-06-28,5660426963.0,59.35
2023-06-29,5539819657.0,63.06
2023-06-30,5634318377.0,70.44
2023-07-01,5821897268.0,68.14
2023-07-02,5815617772.0,70.87
2023-07-03,5970839359.0,72.99
2023-07-04,6038929810.0,77.02
2023-07-05,6025072012.0,74.55
2023-07-06,5938297681.0,70.34
2023-07-07,5795884536.0,74.77
2023-07-08,5875631823.0,73.43
2023-07-09,5861470754.0,71.9
2023-07-10,5853085780.0,69.36
2023-07-11,5862644722.0,73.33
2023-07-12,5896732746.0,75.71
2023-07-13,5890989149.0,79.21
2023-07-14,6252526724.0,81.23
2023-07-15,6071375876.0,78.75
2023-07-16,6148441217.0,76.75
2023-07-17,6052594894.0,75.06
2023-07-18,5980660971.0,71.93
2023-07-19,5885925876.0,71.68
2023-07-20,5816346497.0,72.4
2023-07-21,5845830582.0,74.26
2023-07-22,5886543447.0,71.63
2023-07-23,5817966580.0,72.39
2023-07-24,5879236990.0,70.31
2023-07-25,5762592858.0,70.04
2023-07-26,5777791936.0,72.0
2023-07-27,5812263561.0,72.39
2023-07-28,5794685866.0,72.83
2023-07-29,5840257611.0,74.29
2023-07-30,5851009526.0,70.85
2023-07-31,5437049046.0,65.27
2023-08-01,5239073857.0,65.62
2023-08-02,5098143969.0,64.49
2023-08-03,4961698151.0,62.99
2023-08-04,4940999859.0,64.24
2023-08-05,4909377375.0,64.47
2023-08-06,4929548841.0,65.95
2023-08-07,4932171384.0,64.95
2023-08-08,4935394224.0,66.21
2023-08-09,4995959432.0,67.38
2023-08-10,4945940997.0,67.0
2023-08-11,4902114563.0,66.01
2023-08-12,5025463307.0,66.08
2023-08-13,4970025266.0,65.85
2023-08-14,4926053485.0,65.49
2023-08-15,4948080326.0,63.54
2023-08-16,4868724728.0,60.4
2023-08-17,4765286680.0,55.5
2023-08-18,4628595484.0,55.85
2023-08-19,4578056345.0,56.57
2023-08-20,4557943265.0,57.12
2023-08-21,4607343986.0,55.61
2023-08-22,4626079456.0,54.9
2023-08-23,4548420654.0,57.17
2023-08-24,4644125168.0,57.43
2023-08-25,4560615245.0,56.93
2023-08-26,4534169534.0,56.6
2023-08-27,4527205861.0,58.35
2023-08-28,4558119576.0,58.41
2023-08-29,4570131595.0,59.57
2023-08-30,4705615508.0,57.82
2023-08-31,4663212182.0,55.52
2023-09-01,4524606639.0,54.69
2023-09-02,4493024567.0,55.11
2023-09-03,4518906967.0,54.79
2023-09-04,4533379772.0,54.71
2023-09-05,4528565641.0,55.42
2023-09-06,4552560788.0,55.08
2023-09-07,4529169046.0,56.28
2023-09-08,4617052779.0,56.5
2023-09-09,4579462174.0,56.22
2023-09-10,4585617113.0,54.01
2023-09-11,4559070695.0,52.12
2023-09-12,4405058949.0,53.01
2023-09-13,4495263420.0,53.6
2023-09-14,4540136490.0,54.34
2023-09-15,4592992476.0,55.92
2023-09-16,4629573423.0,58.99
2023-09-17,4599661118.0,59.42
2023-09-18,4587408232.0,60.51
2023-09-19,4626621460.0,61.8
2023-09-20,4693248567.0,65.5
2023-09-21,4669690496.0,62.46
2023-09-22,4574303699.0,64.39
2023-09-23,4612036988.0,62.98
2023-09-24,4598924613.0,61.72
2023-09-25,4547918223.0,62.24
2023-09-26,4628422397.0,61.08
2023-09-27,4636654443.0,60.71
2023-09-28,4662074162.0,65.71
2023-09-29,4795960908.0,66.1
2023-09-30,4838484954.0,67.53
2023-10-01,4798802762.0,72.24
2023-10-02,4984316287.0,69.33
2023-10-03,4870678141.0,65.15
2023-10-04,4822119729.0,66.69
2023-10-05,4840541188.0,66.89
2023-10-06,4779929935.0,68.9
2023-10-07,4859751826.0,66.67
2023-10-08,4872508358.0,66.03
2023-10-09,4823102084.0,63.33
2023-10-10,4691325348.0,64.21
2023-10-11,4671745827.0,63.23
2023-10-12,4611461256.0,62.97
2023-10-13,4527042390.0,63.66
2023-10-14,4583515940.0,64.3
2023-10-15,4594748642.0,63.95
2023-10-16,4614738614.0,64.83
2023-10-17,4734650521.0,62.64
2023-10-18,4691015873.0,62.09
2023-10-19,4688860683.0,63.85
2023-10-20,4727890083.0,65.92
2023-10-21,4811123947.0,70.1
2023-10-22,4959176002.0,79.31
2023-10-23,5065497722.0,84.9
2023-10-24,5410317373.0,83.49
2023-10-25,5417931610.0,86.08
2023-10-26,5456268730.0,80.83
2023-10-27,5461834588.0,78.44
2023-10-28,5424495413.0,80.13
2023-10-29,5409383395.0,84.56
2023-10-30,5491033993.0,83.73
2023-10-31,5584127675.0,81.44
2023-11-01,5504825522.0,89.13
2023-11-02,5623343048.0,91.99
2023-11-03,5305963763.0,90.14
2023-11-04,5659260900.0,90.08
2023-11-05,5659769922.0,89.1
2023-11-06,5625325972.0,100.22
2023-11-07,5610834041.0,97.62
2023-11-08,5655776355.0,100.13
2023-11-09,5715252433.0,100.63
2023-11-10,6139029173.0,100.24
2023-11-11,6090931859.0,96.86
2023-11-12,6033004985.0,99.85
2023-11-13,6108796443.0,93.01
2023-11-14,5850246526.0,90.6
2023-11-15,5687301551.0,95.41
2023-11-16,5942589011.0,91.03
2023-11-17,5652128123.0,88.74
2023-11-18,5654371370.0,88.12
2023-11-19,5664042883.0,91.53
2023-11-20,5780540814.0,90.04
2023-11-21,5783037439.0,84.44
2023-11-22,5540753003.0,94.99
2023-11-23,5842850079.0,95.93
2023-11-24,5836868107.0,99.11
2023-11-25,5879227957.0,99.55
2023-11-26,5871305856.0,98.09
2023-11-27,5824094334.0,96.01
2023-11-28,5713337687.0,96.86
2023-11-29,5788574614.0,96.45
2023-11-30,5751848922.0,98.31
2023-12-01,5793565364.0,100.12
2023-12-02,5867884642.0,104.2
2023-12-03,6109210746.0,102.69
2023-12-04,6171465709.0,99.81
2023-12-05,6273371279.0,98.75
2023-12-06,6477646019.0,96.36
2023-12-07,6339870363.0,98.65
2023-12-08,6607199288.0,99.4
2023-12-09,6674341757.0,98.59
2023-12-10,6536826204.0,97.9
2023-12-11,6550122325.0,91.52
2023-12-12,6194522936.0,92.67
2023-12-13,6143745215.0,94.66
2023-12-14,6383252749.0,107.03
2023-12-15,6515205516.0,108.2
2023-12-16,6282219310.0,104.32
2023-12-17,6325334291.0,100.11
2023-12-18,6237361233.0,99.36
2023-12-19,6326462369.0,101.31
2023-12-20,6219634886.0,99.97
2023-12-21,6314813034.0,101.6
2023-12-22,6411155928.0,100.01
2023-12-23,6589044345.0,99.23
2023-12-24,6561909767.0,99.63
2023-12-25,6464163570.0,102.84
2023-12-26,6525985241.0,102.52
2023-12-27,6449907469.0,111.96
2023-12-28,6862490573.0,118.89
2023-12-29,6739691589.0,112.31
2023-12-30,6621748008.0,110.95
2023-12-31,6606956080.0,108.76
2024-01-01,6628392888.0,116.12
2024-01-02,6849093335.0,110.19
2024-01-03,6853216349.0,102.66
2024-01-04,6444211050.0,103.79
2024-01-05,6646272995.0,103.02
2024-01-06,6795855750.0,99.41
2024-01-07,6745052092.0,94.82
2024-01-08,6648641401.0,98.84
2024-01-09,6960442330.0,96.42
2024-01-10,7000972243.0,107.04
2024-01-11,7625851524.0,109.61
2024-01-12,7735464895.0,103.15
2024-01-13,7400179011.0,105.82
2024-01-14,7527115201.0,99.38
2024-01-15,7348678377.0,101.94
2024-01-16,7438792931.0,103.55
2024-01-17,7537526418.0,101.29
2024-01-18,7370181182.0,96.81
2024-01-19,7229174383.0,96.88
2024-01-20,7225072953.0,97.2
2024-01-21,7258826800.0,96.4
2024-01-22,7191881110.0,91.47
2024-01-23,6763908452.0,89.53
2024-01-24,6674985455.0,89.9
2024-01-25,6690268053.0,88.82
2024-01-26,6688875406.0,91.34
2024-01-27,6896436103.0,91.5
2024-01-28,6902065800.0,91.24
2024-01-29,6871555654.0,93.7
2024-01-30,6947968836.0,93.06
2024-01-31,6938434806.0,86.13
2024-02-01,6811813365.0,83.5
2024-02-02,6920362652.0,85.84
2024-02-03,6968147012.0,85.59
2024-02-04,6914746005.0,83.34
2024-02-05,6936586365.0,84.02
2024-02-06,6967544711.0,84.58
2024-02-07,7073906646.0,84.14
2024-02-08,7190716752.0,85.2
2024-02-09,7176283651.0,87.53
2024-02-10,7415208720.0,88.32
2024-02-11,7477947888.0,87.2
2024-02-12,7513040998.0,90.9
2024-02-13,7874473460.0,89.38
2024-02-14,7810503153.0,91.05
2024-02-15,8190341151.0,92.4
2024-02-16,8332364042.0,94.72
2024-02-17,8281891577.0,93.9
2024-02-18,8232254601.0,94.63
2024-02-19,8418385884.0,96.12
2024-02-20,8556470264.0,93.83
2024-02-21,8639437044.0,91.82
2024-02-22,8525112828.0,91.97
2024-02-23,8506380993.0,94.71
2024-02-24,8374787703.0,101.09
2024-02-25,8559096607.0,100.36
2024-02-26,8805585939.0,102.73
2024-02-27,9093517762.0,104.89
2024-02-28,9299228927.0,104.4
2024-02-29,9755087869.0,105.57
2024-03-01,9848975151.0,110.41
2024-03-02,10097043918.0,116.08
2024-03-03,10087535158.0,112.53
2024-03-04,10296141932.0,114.17
2024-03-05,10734348509.0,105.66
2024-03-06,10472732026.0,127.54
2024-03-07,11176466826.0,134.03
2024-03-08,11302178231.0,132.8
2024-03-09,11438314067.0,131.19
2024-03-10,11513011468.0,126.74
2024-03-11,11570263326.0,136.56
2024-03-12,12111611698.0,135.44
2024-03-13,11895889893.0,142.67
2024-03-14,12067356444.0,139.32
2024-03-15,11759625812.0,129.02
2024-03-16,11439693071.0,118.8
2024-03-17,10845670745.0,126.82
2024-03-18,11141824885.0,123.31
2024-03-19,10930140799.0,109.51
2024-03-20,9841136421.0,120.11
2024-03-21,10976518844.0,123.07
2024-03-22,10566234007.0,118.8
2024-03-23,10495645141.0,121.38
2024-03-24,10615649858.0,124.8
2024-03-25,10973392950.0,127.0
2024-03-26,11570585680.0,130.89
2024-03-27,11573324177.0,124.87
2024-03-28,11233401031.0,127.58
2024-03-29,11509494534.0,127.41
2024-03-30,11241161952.0,124.0
2024-03-31,11190122351.0,128.39
2024-04-01,11668706409.0,129.28
2024-04-02,11280548664.0,115.51
2024-04-03,10535666367.0,114.75
2024-04-04,10638988681.0,116.52
2024-04-05,10726888242.0,113.75
2024-04-06,10835774885.0,118.55
2024-04-07,10972058226.0,122.86
2024-04-08,11054129797.0,129.12
2024-04-09,11868017521.0,126.53
2024-04-10,11290665489.0,128.41
2024-04-11,11518117538.0,117.6
2024-04-12,11399042405.0,99.94
2024-04-13,10568007667.0,82.53
2024-04-14,9614379308.0,87.95
2024-04-15,10330283269.0,84.84
2024-04-16,10151722294.0,86.75
2024-04-17,10235916282.0,83.57
2024-04-18,10007060152.0,85.42
2024-04-19,10188069864.0,85.75
2024-04-20,10422859269.0,91.76
2024-04-21,10618517062.0,90.98
2024-04-22,10660819359.0,96.46
2024-04-23,10872548191.0,94.62
2024-04-24,10881450982.0,90.89
2024-04-25,10611647873.0,91.58
2024-04-26,10645478684.0,89.49
2024-04-27,10609441909.0,91.8
2024-04-28,10779427768.0,90.23
2024-04-29,10897305116.0,89.44
2024-04-30,10672423923.0,83.35
2024-05-01,10117541944.0,83.74
2024-05-02,9988376279.0,84.93
2024-05-03,10155169272.0,88.72
2024-05-04,10615157964.0,89.13
2024-05-05,10681871043.0,90.17
2024-05-06,10692789715.0,87.89
2024-05-07,10537927730.0,88.03
2024-05-08,10502938232.0,86.21
2024-05-09,10358266879.0,89.93
2024-05-10,10558592568.0,83.89
2024-05-11,10283298742.0,82.16
2024-05-12,10336065453.0,83.02
2024-05-13,10370146928.0,82.77
2024-05-14,10455089923.0,80.46
2024-05-15,10252020138.0,86.04
2024-05-16,10799426176.0,85.95
2024-05-17,10640392918.0,88.12
2024-05-18,11128685652.0,88.14
2024-05-19,11213559560.0,85.43
2024-05-20,11066682624.0,98.04
2024-05-21,12555364809.0,97.1
2024-05-22,12946405792.0,94.4
2024-05-23,12985214837.0,97.89
2024-05-24,13145980831.0,99.39
2024-05-25,12893200376.0,105.3
2024-05-26,12954678457.0,109.84
2024-05-27,13196692930.0,108.66
2024-05-28,13360792198.0,106.43
2024-05-29,13179289280.0,103.74
2024-05-30,12889729302.0,103.05
2024-05-31,12871534883.0,103.76
2024-06-01,12979549524.0,104.05
2024-06-02,13071190451.0,103.26
2024-06-03,12984812025.0,101.05
2024-06-04,12908703625.0,103.17
2024-06-05,13175000702.0,104.32
2024-06-06,13301092012.0,102.5
2024-06-07,13132776013.0,97.34
2024-06-08,12873009373.0,92.88
2024-06-09,12885879863.0,93.45
2024-06-10,12989921078.0,90.81
2024-06-11,12867180531.0,87.75
2024-06-12,12366870141.0,89.94
2024-06-13,12592609862.0,83.77
2024-06-14,12330974170.0,83.65
2024-06-15,12300073674.0,85.87
2024-06-16,12485925095.0,85.93
2024-06-17,12579467610.0,84.96
2024-06-18,12372261012.0,82.19
2024-06-19,12200394603.0,87.33
2024-06-20,12427621106.0,84.81
2024-06-21,12382047432.0,82.09
2024-06-22,12628493501.0,81.63
2024-06-23,12582430709.0,80.79
2024-06-24,12346304266.0,86.45
2024-06-25,12043159061.0,92.04
2024-06-26,12282120838.0,94.46
2024-06-27,12279982816.0,93.45
2024-06-28,12467774524.0,93.59
2024-06-29,12265633824.0,96.6
2024-06-30,12343121370.0,97.38
2024-07-01,12460752772.0,98.38
2024-07-02,12640318752.0,91.45
2024-07-03,12517800677.0,84.34
2024-07-04,12139979740.0,79.54
2024-07-05,11687652274.0,79.8
2024-07-06,11373872280.0,83.15
2024-07-07,11627894782.0,78.25
2024-07-08,11302835452.0,81.95
2024-07-09,11625538684.0,85.25
2024-07-10,11804086392.0,91.17
2024-07-11,11869326705.0,92.72
2024-07-12,11924163433.0,97.66
2024-07-13,11976173242.0,99.31
2024-07-14,12107073585.0,104.24
2024-07-15,12500261256.0,104.09
2024-07-16,13088584387.0,100.68
2024-07-17,13178484986.0,97.92
2024-07-18,13157301622.0,98.59
2024-07-19,13138444983.0,100.72
2024-07-20,13494210460.0,98.85
2024-07-21,13599537870.0,98.41
2024-07-22,13678709196.0,94.16
2024-07-23,13433807136.0,94.49
2024-07-24,13423992258.0,89.88
2024-07-25,13023736153.0,92.77
2024-07-26,12574856186.0,97.72
2024-07-27,12988223454.0,101.16
2024-07-28,12992143006.0,98.79
2024-07-29,12954314173.0,104.71
2024-07-30,13321013822.0,105.25
2024-07-31,13150554149.0,107.5
2024-08-01,12964180580.0,116.89
2024-08-02,12766090755.0,110.33
2024-08-03,12181344762.0,105.63
2024-08-04,11766597698.0,97.17
2024-08-05,11283998233.0,95.57
2024-08-06,10556813775.0,103.64
2024-08-07,10866630221.0,98.3
2024-08-08,10488619639.0,101.35
2024-08-09,11471827277.0,96.29
2024-08-10,11501625481.0,93.37
2024-08-11,11526999473.0,91.15
2024-08-12,11310148682.0,95.66
2024-08-13,11721760491.0,97.78
2024-08-14,11919165841.0,106.04
2024-08-15,11560788774.0,107.8
2024-08-16,11287786837.0,112.67
2024-08-17,11554992140.0,110.93
2024-08-18,11502729001.0,111.38
2024-08-19,11646414995.0,118.13
2024-08-20,11538100080.0,128.87
2024-08-21,11503056449.0,140.18
2024-08-22,11865510556.0,135.83
2024-08-23,11788231697.0,143.22
2024-08-24,12385832727.0,137.08
2024-08-25,12295032098.0,135.42
2024-08-26,12387445937.0,128.72
2024-08-27,12032089704.0,119.97
2024-08-28,11225676414.0,125.43
2024-08-29,11352469638.0,123.27
2024-08-30,11370809961.0,131.3
2024-08-31,11391330483.0,129.85
2024-09-01,11367693753.0,120.69
2024-09-02,11080527921.0,134.94
2024-09-03,11521113445.0,118.77
2024-09-04,11228421375.0,135.22
2024-09-05,11257671945.0,128.94
2024-09-06,10914812371.0,126.87
2024-09-07,10412547061.0,125.13
2024-09-08,10526351444.0,125.9
2024-09-09,10613160857.0,139.96
2024-09-10,11068647580.0,150.56
2024-09-11,11137144989.0,149.58
2024-09-12,11077988246.0,145.02
2024-09-13,11129949777.0,144.32
2024-09-14,11626183113.0,140.1
2024-09-15,11576969663.0,143.41
2024-09-16,11287544712.0,140.27
2024-09-17,11114433236.0,140.62
2024-09-18,11387303965.0,141.74
2024-09-19,11365897939.0,150.38
2024-09-20,11818200600.0,153.4
2024-09-21,12131437359.0,154.5
2024-09-22,12143178812.0,162.11
2024-09-23,12093632665.0,172.13
2024-09-24,12542043175.0,166.16
2024-09-25,12665540086.0,165.15
2024-09-26,12474006287.0,165.18
2024-09-27,12807840284.0,170.31
2024-09-28,13045563725.0,164.08
2024-09-29,12953368994.0,161.5
2024-09-30,12900101692.0,156.78
2024-10-01,12575037570.0,145.12
2024-10-02,11986386972.0,139.09
2024-10-03,11772084179.0,143.72
2024-10-04,11701128701.0,151.3
2024-10-05,12053460672.0,148.78
2024-10-06,11902690148.0,150.09
2024-10-07,11996359136.0,146.64
2024-10-08,11906602880.0,143.14
2024-10-09,11836575732.0,139.49
2024-10-10,11664816946.0,140.43
2024-10-11,11655600466.0,143.86
2024-10-12,11997538423.0,154.66
2024-10-13,12299374179.0,154.96
2024-10-14,12256446647.0,162.9
2024-10-15,12954472110.0,156.75
2024-10-16,12879607993.0,155.77
2024-10-17,12927823005.0,153.17
2024-10-18,13002154366.0,159.03
2024-10-19,13127501439.0,158.18
2024-10-20,13191867277.0,158.88
2024-10-21,13562189930.0,153.28
2024-10-22,13393297854.0,152.6
2024-10-23,13326122611.0,149.7
2024-10-24,12878324483.0,147.48
2024-10-25,13088944491.0,138.21
2024-10-26,12810228792.0,142.74
2024-10-27,13026227811.0,147.86
2024-10-28,13184195483.0,151.66
2024-10-29,13430691008.0,151.49
2024-10-30,13717796810.0,156.16
2024-10-31,13944469676.0,143.63
2024-11-01,13348867381.0,141.44
2024-11-02,13374147373.0,138.43
2024-11-03,13316407747.0,132.88
2024-11-04,13363873008.0,128.31
2024-11-05,13066000965.0,135.85
2024-11-06,13311083134.0,173.37
2024-11-07,14678850374.0,183.42
2024-11-08,15168646502.0,181.99
2024-11-09,15500741091.0,195.27
2024-11-10,16063463915.0,190.03
2024-11-11,16573019781.0,193.37
2024-11-12,17409880082.0,179.3
2024-11-13,17178564168.0,173.26
2024-11-14,17145511562.0,158.02
2024-11-15,16667407207.0,164.39
2024-11-16,16933658125.0,168.93
2024-11-17,17159550235.0,162.07
2024-11-18,16894004630.0,170.79
2024-11-19,17370860294.0,161.92
2024-11-20,17177519011.0,156.7
2024-11-21,17128042729.0,169.14
2024-11-22,18577767377.0,173.45
2024-11-23,18617394256.0,174.43
2024-11-24,19010911545.0,171.16
2024-11-25,18942693411.0,181.38
2024-11-26,18700748666.0,181.56
2024-11-27,18422407368.0,210.41
2024-11-28,19833597346.0,200.12
2024-11-29,19556909653.0,198.89
2024-11-30,19925375605.0,211.51
2024-12-01,20325855689.0,208.54
2024-12-02,20453715403.0,235.27
2024-12-03,20233312889.0,240.59
2024-12-04,20287878085.0,256.19
2024-12-05,21165976868.0,247.78
2024-12-06,20943723909.0,281.8
2024-12-07,22059006175.0,282.07
2024-12-08,22193850424.0,282.59
2024-12-09,22270487870.0,260.49
2024-12-10,20991189571.0,276.59
2024-12-11,20779074671.0,302.66
2024-12-12,21860486730.0,367.19
2024-12-13,21942007997.0,377.52
2024-12-14,22325862145.0,365.61
2024-12-15,22289586499.0,368.37
2024-12-16,22389618372.0,379.27
2024-12-17,23178593983.0,360.8
2024-12-18,22635511311.0,339.67
2024-12-19,21092275085.0,314.96
2024-12-20,20287440532.0,329.41
2024-12-21,20243404915.0,299.49
2024-12-22,19801125108.0,318.82
2024-12-23,19579422024.0,383.51
2024-12-24,20294845136.0,375.06
2024-12-25,21045739833.0,370.0
2024-12-26,21020455669.0,337.61
2024-12-27,20375735201.0,323.79
2024-12-28,20261713137.0,354.87
2024-12-29,20715896101.0,332.59
2024-12-30,20590937492.0,322.01
2024-12-31,20387190599.0,308.74
2025-01-01,20408397735.0,319.71
2025-01-02,20814608331.0,333.5
2025-01-03,21122671058.0,350.42
2025-01-04,21522938553.0,351.4
2025-01-05,21761709205.0,341.55
2025-01-06,21825698827.0,341.35
2025-01-07,22114899466.0,306.87
2025-01-08,20269799754.0,293.45
2025-01-09,20108906477.0,281.05
2025-01-10,19736496559.0,285.81
2025-01-11,20312030218.0,287.18
2025-01-12,20534545556.0,287.85
2025-01-13,20688516697.0,290.25
2025-01-14,20301546518.0,295.45
2025-01-15,20896596295.0,319.9
2025-01-16,21912249440.0,310.97
2025-01-17,21303340318.0,335.1
2025-01-18,22165200056.0,315.5
2025-01-19,21512079239.0,309.16
2025-01-20,21063010421.0,337.41
2025-01-21,21379948176.0,370.2
2025-01-22,21688679839.0,346.56
2025-01-23,21421586758.0,337.36
2025-01-24,21649367668.0,335.0
2025-01-25,21871609655.0,326.08
2025-01-26,22009312414.0,316.48
2025-01-27,21792060302.0,305.08
2025-01-28,20971974263.0,284.33
2025-01-29,20990835522.0,290.96
2025-01-30,21279668618.0,315.33
2025-01-31,21918331527.0,332.57
2025-02-01,22108741525.0,296.12
2025-02-02,21252624750.0,258.5
2025-02-03,19685342165.0,276.57
2025-02-04,20409749443.0,272.13
2025-02-05,19771961571.0,259.29
2025-02-06,19721375710.0,241.62
2025-02-07,19609131065.0,237.98
2025-02-08,19373464701.0,238.67
2025-02-09,19524298247.0,241.19
2025-02-10,19403178921.0,252.45
2025-02-11,19773070270.0,243.75
2025-02-12,19304263963.0,252.74
2025-02-13,19874643476.0,256.4
2025-02-14,19756259642.0,262.65
2025-02-15,20011258409.0,253.25
2025-02-16,19875781928.0,254.03
2025-02-17,19603080905.0,264.36
2025-02-18,20009016959.0,249.67
2025-02-19,19635282769.0,252.86
2025-02-20,19949291685.0,261.13
2025-02-21,20209497385.0,242.28
2025-02-22,19701522856.0,247.11
2025-02-23,19724641663.0,247.6
2025-02-24,20549153206.0,210.84
2025-02-25,19295633010.0,205.14
2025-02-26,19176001542.0,202.66
2025-02-27,18096041243.0,203.65
2025-02-28,18154244704.0,192.49
2025-03-01,18112530520.0,194.98
2025-03-02,18211125791.0,223.64
2025-03-03,20000944985.0,180.61
2025-03-04,18079760942.0,206.65
2025-03-05,18213529053.0,220.71
2025-03-06,18797388021.0,208.5
2025-03-07,18150534266.0,196.59
2025-03-08,18140654617.0,195.7
2025-03-09,18273451821.0,178.27
2025-03-10,17228419976.0,179.98
2025-03-11,16577754763.0,181.98
2025-03-12,17045972668.0,174.97
2025-03-13,17173034706.0,162.87
2025-03-14,16969163702.0,173.02
2025-03-15,17550596790.0,172.88
2025-03-16,17726351492.0,164.87
2025-03-17,17545451876.0,174.81
2025-03-18,17694665459.0,170.02
2025-03-19,17714439001.0,182.32
2025-03-20,17761017278.0,178.79
2025-03-21,17378691787.0,178.23
2025-03-22,17572425996.0,179.76
2025-03-23,17863091309.0,185.06
2025-03-24,18396332034.0,190.82
2025-03-25,19038316001.0,186.75
2025-03-26,19285847630.0,177.39
2025-03-27,18848256149.0,184.74
2025-03-28,19026534195.0,175.81
2025-03-29,18239007916.0,168.11
2025-03-30,17736343560.0,163.63
2025-03-31,16765305453.0,159.82
2025-04-01,17184789133.0,166.03
2025-04-02,17809023469.0,150.1
2025-04-03,17166657183.0,151.0
2025-04-04,17452014585.0,151.94
2025-04-05,17571664208.0,152.64
2025-04-06,17661845725.0,129.07
2025-04-07,16388323559.0,131.96
2025-04-08,16671928543.0,125.45
2025-04-09,16356417259.0,143.17
2025-04-10,17759283223.0,132.09
2025-04-11,16968402976.0,136.44
2025-04-12,17381040276.0,148.07
2025-04-13,17565723984.0,139.1
2025-04-14,17637376749.0,137.48
2025-04-15,17902368169.0,134.25
2025-04-16,17823115935.0,134.15
2025-04-17,17945015733.0,138.9
2025-04-18,17934112872.0,138.39
2025-04-19,17881431276.0,142.04
2025-04-20,18103028833.0,140.99
2025-04-21,17904909457.0,142.87
2025-04-22,17260832122.0,158.17
2025-04-23,18860523060.0,168.14
2025-04-24,19415743156.0,167.84
2025-04-25,19556473345.0,166.53
2025-04-26,19949623976.0,172.92
2025-04-27,19749515069.0,166.62
2025-04-28,19849753472.0,166.24
2025-04-29,19863643510.0,165.74
2025-04-30,19718184185.0,164.29
2025-05-01,19707810895.0,172.99
2025-05-02,20308654568.0,174.57
2025-05-03,20664079932.0,178.06
2025-05-04,20553155634.0,171.16
2025-05-05,20331937926.0,176.88
2025-05-06,20186728478.0,177.75
2025-05-07,20412619354.0,172.07
2025-05-08,19469722290.0,206.2
2025-05-09,22194389494.0,211.09
2025-05-10,23414836194.0,228.36
2025-05-11,24869976546.0,221.02
2025-05-12,24440142095.0,221.85
2025-05-13,24007712953.0,236.39
2025-05-14,25221579321.0,229.61
2025-05-15,23927492088.0,223.33
2025-05-16,23357854767.0,231.04
2025-05-17,23633028432.0,222.22
2025-05-18,23412732893.0,232.05
2025-05-19,23964618348.0,247.68
2025-05-20,24177271183.0,259.23
2025-05-21,24371482528.0,247.6
2025-05-22,24690813396.0,256.97
2025-05-23,25563167066.0,256.25
2025-05-24,24664415177.0,261.76
2025-05-25,24699278538.0,269.16
2025-05-26,24809307193.0,267.23
2025-05-27,25010911045.0,271.5
2025-05-28,25425673195.0,265.0
2025-05-29,25342785179.0,250.03
2025-05-30,24891124972.0,250.91
2025-05-31,24297057070.0,246.86
2025-06-01,24456673565.0,246.02
2025-06-02,24732088740.0,257.74
2025-06-03,25143342694.0,266.38
2025-06-04,25142997094.0,264.16
2025-06-05,25198721867.0,241.82
2025-06-06,23919790711.0,250.93
2025-06-07,24517070630.0,257.37
2025-06-08,24916618287.0,253.89
2025-06-09,24839514910.0,283.13
2025-06-10,25482160652.0,308.37
2025-06-11,26443234131.0,303.84
2025-06-12,26277679523.0,293.89
2025-06-13,25247853710.0,291.05
2025-06-14,25094925529.0,275.21
2025-06-15,24865223580.0,274.94
2025-06-16,24902018294.0,275.07
2025-06-17,26187332808.0,266.59
2025-06-18,25558798934.0,259.03
2025-06-19,25585868087.0,255.58
2025-06-20,25523865842.0,247.32
2025-06-21,24557387206.0,234.68
2025-06-22,23766792940.0,227.87
2025-06-23,22794325464.0,257.17
2025-06-24,24428813994.0,264.02
2025-06-25,24763903710.0,255.93
2025-06-26,24965731433.0,250.44
2025-06-27,24438012048.0,259.28
2025-06-28,24714201563.0,259.9
2025-06-29,24893654064.0,278.56
2025-06-30,25439482806.0,274.51
2025-07-01,24999167410.0,259.97
2025-07-02,24449917745.0,275.95
2025-07-03,25646239187.0,279.29
2025-07-04,26111360208.0,265.96
2025-07-05,25532719150.0,273.45
2025-07-06,25846054592.0,287.39
2025-07-07,26237645487.0,283.21
2025-07-08,25980408874.0,293.03
2025-07-09,26491627547.0,301.61
2025-07-10,27723164737.0,308.76
2025-07-11,28723030316.0,297.29
2025-07-12,28752272537.0,302.08
2025-07-13,28771281878.0,305.62
2025-07-14,29274808058.0,315.13
2025-07-15,29652031262.0,327.49
2025-07-16,30277202540.0,323.14
2025-07-17,30296252224.0,321.63
2025-07-18,30872662362.0,324.36
2025-07-19,31695417705.0,319.18
2025-07-20,32164985059.0,324.35
2025-07-21,33448022744.0,322.02
2025-07-22,33359268370.0,310.6
2025-07-23,33264342023.0,290.35
2025-07-24,32838906193.0,286.09
2025-07-25,32802454670.0,294.26
2025-07-26,33367171257.0,294.81
2025-07-27,33580094829.0,304.96
2025-07-28,35020961264.0,289.0
2025-07-29,34062046635.0,282.28
2025-07-30,34049405087.0,274.56
2025-07-31,34288229860.0,261.06
2025-08-01,33904601652.0,255.47
2025-08-02,32358866686.0,249.5
2025-08-03,31923378573.0,260.13
2025-08-04,32814012902.0,267.82
2025-08-05,34389087281.0,255.36
2025-08-06,34415615554.0,263.37
2025-08-07,34939817874.0,285.05
2025-08-08,36984734708.0,290.82
2025-08-09,37274228302.0,307.69
2025-08-10,38523241620.0,306.09
2025-08-11,38662050352.0,293.24
2025-08-12,38516836710.0,322.24
2025-08-13,40176575046.0,332.11
2025-08-14,40197752985.0,312.61
2025-08-15,38916799306.0,299.98
2025-08-16,37745467830.0,295.63
2025-08-17,37598048673.0,303.15
2025-08-18,37610688192.0,288.61
2025-08-19,37046226960.0,277.28
2025-08-20,35608903629.0,299.25
2025-08-21,36986949134.0,300.02
2025-08-22,36767429609.0,345.4
2025-08-23,39953053183.0,357.78
2025-08-24,41117713309.0,348.79
2025-08-25,39859550205.0,318.65
2025-08-26,38652484269.0,335.87
2025-08-27,39799438653.0,320.55
2025-08-28,39559156360.0,317.53
2025-08-29,40022964453.0,319.05
2025-08-30,39432128991.0,319.4
2025-08-31,39295703771.0,315.77
2025-09-01,39157986855.0,304.89
2025-09-02,38893192798.0,315.56
2025-09-03,38587720281.0,327.87
2025-09-04,40221949835.0,306.53
2025-09-05,39107011792.0,302.11
2025-09-06,39445018736.0,298.35
2025-09-07,39155481965.0,301.41
2025-09-08,40154049876.0,302.93
2025-09-09,39913161694.0,297.94
2025-09-10,39666140275.0,300.06
2025-09-11,40316978273.0,309.5
2025-09-12,40891210941.0,321.49
2025-09-13,42530197421.0,314.92
2025-09-14,42417516813.0,306.24
2025-09-15,42067090143.0,299.5
2025-09-16,41693929907.0,298.72
2025-09-17,40967612077.0,306.04
2025-09-18,41824076482.0,309.14
2025-09-19,42724866644.0,298.7
2025-09-20,41886653651.0,296.89
2025-09-21,43075562689.0,293.96
2025-09-22,42456536013.0,270.23
2025-09-23,40569088397.0,274.54
2025-09-24,39937619678.0,278.17
2025-09-25,40074866170.0,260.16
2025-09-26,39747808771.0,270.82
2025-09-27,40694296328.0,266.37
2025-09-28,41603130225.0,275.07
2025-09-29,43035446652.0,276.93
2025-09-30,43631921661.0,274.26
2025-10-01,43331904794.0,286.69
2025-10-02,44552272110.0,288.87
2025-10-03,44993480367.0,290.48
2025-10-04,44975693624.0,283.12
2025-10-05,44694173763.0,285.66
2025-10-06,44580316210.0,297.25
2025-10-07,45760946963.0,276.17
2025-10-08,44864818501.0,285.57
2025-10-09,45349497908.0,273.61
2025-10-10,43383518933.0,223.68
2025-10-11,37528624759.0,234.21
2025-10-12,38902684354.0,250.87
2025-10-13,41424152359.0,261.22
2025-10-14,42111472060.0,255.27
2025-10-15,41212301030.0,242.23
2025-10-16,40268129794.0,223.11
2025-10-17,39652764500.0,206.57
2025-10-18,38845778179.0,214.95
2025-10-19,39246195581.0,222.4
2025-10-20,39290733098.0,228.85
2025-10-21,39860222585.0,218.81
2025-10-22,39852045342.0,219.59
2025-10-22,38402034168.0,219.59
